ID,First Name,Last Name,Program,Academic Level,ASURITE
3812777614,Konstanze,Kleimt,ckleimt0@example.com,Female,3584071429
6508407945,Sissie,Kasper,ekasper1@hatena.ne.jp,Female,1772715700
974977543,Rahel,Bristo,nbristo2@prnewswire.com,Female,492796750
5706561923,Beverly,Miettinen,rmiettinen3@cpanel.net,Female,1600696910
3688041755,Sawyer,Raiker,draiker4@flavors.me,Male,6774284558
6080815605,Lucian,Ridde,jridde5@fc2.com,Male,3937773088
82031118,Carolann,Itzkovsky,sitzkovsky6@dyndns.org,Female,1536261319
1165833883,Rubetta,Samways,lsamways7@google.fr,Female,5078107266
4120664821,Cristobal,Soame,gsoame8@lulu.com,Male,1152621963
342768441,Heather,Gillivrie,tgillivrie9@google.de,Female,1016705123
6933565556,Constantine,Colter,kcoltera@wired.com,Female,4866143908
5456203871,Missy,Korn,ekornb@sbwire.com,Female,1604643919
4315646172,Saxon,Brigstock,sbrigstockc@un.org,Male,2832841295
7210846042,Evyn,Ewence,fewenced@usda.gov,Male,1509714618
1907128573,Goldy,Guiot,eguiote@independent.co.uk,Female,2841605760
8553785270,Caressa,Robeson,orobesonf@ebay.co.uk,Female,3740612320
7360435714,Ardys,Emmanueli,jemmanuelig@goo.ne.jp,Female,7275315769
100345697,Si,Balazin,ebalazinh@photobucket.com,Male,1102448052
9149878743,Care,Balaizot,pbalaizoti@webeden.co.uk,Male,2341367585
3120217956,Cynthy,Clubb,aclubbj@reference.com,Female,6906581120
1557579954,Carey,Motion,hmotionk@reverbnation.com,Male,6453617714
1662154194,Hamish,Milch,bmilchl@ebay.com,Male,4083611030
7400692259,Con,Polsin,rpolsinm@google.com.au,Female,5443894099
5537659425,Gwen,Coventon,acoventonn@bloomberg.com,Female,6838244942
7636638185,Sheffield,De Vere,edevereo@constantcontact.com,Male,9412796501
6358192973,Ambrosio,Cockshoot,icockshootp@nhs.uk,Male,2145558268
4764931699,Rufe,Laneham,wlanehamq@typepad.com,Male,5561795856
5399484161,Faustine,Syms,bsymsr@senate.gov,Female,9435884350
5172824057,Lorrie,Dunsmore,sdunsmores@statcounter.com,Male,2137663112
4573366288,Davida,Macklam,kmacklamt@elpais.com,Female,6143351805
9205224510,Cissiee,McArtan,smcartanu@bloglines.com,Female,7090695972
4774964859,Lyn,Salvin,rsalvinv@umn.edu,Male,8909698411
5860995105,Wynny,Di Biasio,ndibiasiow@youku.com,Female,8256691549
8209013599,Barry,Burndred,bburndredx@hexun.com,Male,7040319500
3629436994,Dicky,Ruffles,srufflesy@cbsnews.com,Male,9960706486
1890530484,Mickie,Loche,hlochez@gravatar.com,Male,7512938004
6815340201,Wynny,Summerskill,dsummerskill10@usa.gov,Female,2090048794
4944658486,Wilma,Livsey,rlivsey11@shinystat.com,Female,3524921841
3806689474,Abbott,Garnsworthy,hgarnsworthy12@harvard.edu,Male,6528990565
2192236840,Krishna,Lagne,dlagne13@vinaora.com,Male,694540110
5481721937,Demetrius,Brandone,bbrandone14@storify.com,Male,689269692
6292424464,Marjie,Eustes,veustes15@issuu.com,Female,9838901806
5642283103,Marguerite,Agostini,cagostini16@artisteer.com,Female,6339440037
7153257764,Domingo,Woolerton,cwoolerton17@businesswire.com,Male,103601457
8061441128,Charlene,Chantrell,lchantrell18@mozilla.org,Female,8192956369
2212561407,Penelopa,Bielefeld,hbielefeld19@oakley.com,Female,3213955027
7530024213,Lari,Leger,bleger1a@nymag.com,Female,4494669598
6489911841,Dom,Hovington,bhovington1b@dedecms.com,Male,694316032
2737289386,Marie,Lampert,rlampert1c@mtv.com,Female,3500685439
9795128663,Garvin,Bramsen,nbramsen1d@ovh.net,Male,3550523122
1252390858,Tierney,Judkin,gjudkin1e@columbia.edu,Female,7010098077
529412551,Laurie,Shatliffe,cshatliffe1f@360.cn,Female,2900446155
4042400841,Dieter,Goathrop,vgoathrop1g@cdbaby.com,Male,524148678
4904286804,Gordan,Horribine,phorribine1h@nhs.uk,Male,4941285379
166072427,Maurene,Oguz,doguz1i@mail.ru,Female,358858364
8087399323,Jeff,Cuddy,hcuddy1j@istockphoto.com,Male,5928829264
4999986949,Abey,Dayly,adayly1k@t-online.de,Male,8082857285
7117120134,Kristoforo,Bicheno,mbicheno1l@people.com.cn,Male,2075138583
5659145787,Ephraim,Crowson,lcrowson1m@ameblo.jp,Male,7840930727
2264727845,West,Barcke,mbarcke1n@washingtonpost.com,Male,4631206268
2169959262,Merlina,Pimlott,dpimlott1o@ucla.edu,Female,2661025456
2237026564,Consolata,O'Corrane,cocorrane1p@addtoany.com,Female,9467018063
4501658495,Marcello,De Ambrosis,sdeambrosis1q@timesonline.co.uk,Male,5873942773
7099834614,Carma,Norree,vnorree1r@reddit.com,Female,3138286364
4367715329,Cristionna,Jenkyn,tjenkyn1s@washington.edu,Female,3479273424
2475490284,Isidora,Berriball,rberriball1t@yellowbook.com,Female,4676573340
4788071924,Ragnar,Dorkins,ndorkins1u@bbc.co.uk,Male,2406491161
8111613474,Hoebart,Tennet,btennet1v@google.com.br,Male,4838923341
6441758148,Padraic,Blackden,pblackden1w@pbs.org,Male,4710263973
4717404084,Suzy,Lafaye,clafaye1x@miibeian.gov.cn,Female,4301697802
9525364852,Bill,Sloper,fsloper1y@symantec.com,Male,7746566049
8081034145,Garret,Fewster,sfewster1z@digg.com,Male,3704056529
522979610,Winslow,Snedker,ssnedker20@fda.gov,Male,8653731830
8984956767,Junia,Inkles,cinkles21@microsoft.com,Female,524642648
5121137680,Tessie,Vinden,kvinden22@vinaora.com,Female,8983777958
5455411705,Carroll,Melesk,mmelesk23@forbes.com,Male,8208909238
5751399919,Shay,Dolden,idolden24@zdnet.com,Female,2054304840
9962166861,Wendall,Ramsted,hramsted25@soup.io,Male,2431541037
5124474173,Cherie,Hablet,ghablet26@infoseek.co.jp,Female,4710575878
6426199346,Laina,Trevenu,rtrevenu27@tmall.com,Female,3315775729
5233564319,Zane,Fellowes,afellowes28@berkeley.edu,Male,6181734481
4506663101,Gibbie,Kelsey,akelsey29@vk.com,Male,2710496593
396681808,Yoko,Lammin,rlammin2a@taobao.com,Female,9948978382
9629636093,Eolande,Mityashin,amityashin2b@hexun.com,Female,4232594191
9105508495,Gwenora,Nelm,pnelm2c@fda.gov,Female,1683480988
8635069935,Celestine,Gadsby,agadsby2d@redcross.org,Female,5267045322
7513722714,Dynah,Phibb,jphibb2e@technorati.com,Female,6509408791
3865282695,Constantia,Cunniffe,gcunniffe2f@sina.com.cn,Female,5315509397
6986006284,Kimble,Chetwynd,pchetwynd2g@utexas.edu,Male,3270088159
7512464142,Chauncey,Bertome,gbertome2h@hc360.com,Male,1646024117
8338669938,Yancey,Belcham,tbelcham2i@chicagotribune.com,Male,3527076107
5326894394,Linda,Grzegorzewski,mgrzegorzewski2j@surveymonkey.com,Female,2496418140
7621625252,Sarine,Aked,paked2k@xinhuanet.com,Female,8878654299
326451048,Odette,Form,sform2l@stanford.edu,Female,4961721956
6169197706,Gerrilee,Petronis,kpetronis2m@1688.com,Female,9577088732
1243205806,Maryl,Olyunin,yolyunin2n@msn.com,Female,8005255403
8881588528,Sharai,Mirralls,lmirralls2o@arstechnica.com,Female,2929919167
6241973126,Elijah,Burgum,cburgum2p@pinterest.com,Male,8144984617
4700888199,Melonie,Duffell,aduffell2q@rediff.com,Female,4537678119
2711559084,Gaspar,Crut,bcrut2r@histats.com,Male,5108088884
488081521,Fionna,Britto,ebritto2s@1und1.de,Female,978590295
9229589926,Leigh,Staton,estaton2t@yahoo.com,Female,5370952582
6725884512,Bryan,Mindenhall,jmindenhall2u@comcast.net,Male,6580921625
135283892,Maighdiln,Atkinson,ratkinson2v@delicious.com,Female,6630001109
561849005,Willard,McGlone,amcglone2w@slashdot.org,Male,6290057944
8724945692,Krishnah,Crafts,pcrafts2x@edublogs.org,Male,4734870012
7942279324,Corbett,Noorwood,tnoorwood2y@newsvine.com,Male,1863297820
6572197948,Jemimah,Roullier,jroullier2z@ycombinator.com,Female,4452108512
2600274170,Peirce,McAvinchey,rmcavinchey30@ucoz.com,Male,916599957
1923723146,Madelyn,Crellin,dcrellin31@narod.ru,Female,2657100554
4718959012,Easter,Yakovitch,byakovitch32@umn.edu,Female,6445741088
2309448508,Jojo,Sutherland,csutherland33@theglobeandmail.com,Female,9644890175
3477414365,Pincas,Binner,bbinner34@spotify.com,Male,7732224523
7719493311,Wyndham,Shewsmith,gshewsmith35@alibaba.com,Male,1623188652
7993148766,Cosme,Crunden,tcrunden36@addthis.com,Male,8033231297
3105878971,Neal,Filipponi,afilipponi37@gravatar.com,Male,9388170369
8796430516,Aylmar,Smithen,wsmithen38@deliciousdays.com,Male,5583911069
6068094960,Claiborne,Winch,jwinch39@nih.gov,Male,438123204
7335040132,Salvatore,Bennison,tbennison3a@utexas.edu,Male,5792629072
1426484674,Reggie,Laslett,alaslett3b@nhs.uk,Male,7770612292
9196029684,Loren,Lineen,rlineen3c@1und1.de,Male,9610066232
9557134607,Cristobal,Karby,bkarby3d@npr.org,Male,4177537977
6226755768,Mariele,Hiscocks,mhiscocks3e@wikimedia.org,Female,9920378496
6400369287,Sherilyn,Gisbourn,dgisbourn3f@histats.com,Female,1037780477
399761209,Fairleigh,Renton,prenton3g@desdev.cn,Male,9825890819
1774472244,Gun,Maraga,dmaraga3h@unblog.fr,Male,2717429972
523777884,Charlton,Greatbatch,bgreatbatch3i@kickstarter.com,Male,6833197091
7563893644,Leese,Leedal,kleedal3j@utexas.edu,Female,4846777553
6703255342,Agustin,Scripps,yscripps3k@squarespace.com,Male,125893744
5793634029,Vyky,Holley,bholley3l@newsvine.com,Female,5861945268
2910293610,Anthiathia,Castagnier,mcastagnier3m@alexa.com,Female,5261852110
7535491618,Free,Feria,jferia3n@addthis.com,Male,8097984423
9421226739,Gabie,Gell,egell3o@netscape.com,Male,4536517650
8496476308,Stevena,Methuen,amethuen3p@infoseek.co.jp,Female,2783746530
4184667139,Roze,Collisson,hcollisson3q@myspace.com,Female,8400226100
6279961087,Tremayne,Glassman,gglassman3r@alexa.com,Male,8539476355
2839650355,Ame,Rentoul,wrentoul3s@washington.edu,Female,6411796335
1513861158,Carly,Duck,educk3t@tiny.cc,Male,8988542940
8825227272,Jareb,Seville,aseville3u@bigcartel.com,Male,4352697621
7731191257,Toddie,Morgan,hmorgan3v@digg.com,Male,63022885
2241641650,Auberon,Furphy,mfurphy3w@barnesandnoble.com,Male,9163159376
7059047808,Marten,Riccio,nriccio3x@google.fr,Male,623418037
3144116289,Wendel,Vida,jvida3y@chicagotribune.com,Male,4593336511
1729201105,Pascale,Cavolini,vcavolini3z@ftc.gov,Male,2709180758
2390047785,Nesta,Kohnert,jkohnert40@ask.com,Female,6957420434
1273734637,Nathanil,Jakel,yjakel41@slate.com,Male,7563130128
4632685860,Mahmud,Matthisson,smatthisson42@desdev.cn,Male,6788738688
6167687625,Shermy,MacCague,hmaccague43@irs.gov,Male,678737967
3425242059,Augustin,De Morena,ademorena44@com.com,Male,4239387434
7811622904,Casie,Bowser,mbowser45@example.com,Female,868137715
6313764536,Clair,Butterwick,wbutterwick46@free.fr,Male,4648134346
8138051027,Griz,Grishunin,egrishunin47@themeforest.net,Male,1722295171
2825657670,Florina,Aylwin,gaylwin48@marketwatch.com,Female,7385392741
8736391840,Tandy,Spincke,wspincke49@bravesites.com,Female,1353363066
2038876266,Corrie,Spivie,gspivie4a@exblog.jp,Female,213110180
8934413662,Dynah,Mitcheson,amitcheson4b@columbia.edu,Female,1298481252
3548703003,Tedda,Helbeck,ehelbeck4c@pbs.org,Female,7808350265
2623426392,Grethel,Durtnall,ndurtnall4d@pbs.org,Female,9221509443
384674305,Shara,Seagrove,cseagrove4e@hugedomains.com,Female,6187279735
7871547836,Dulcie,Guilfoyle,bguilfoyle4f@hud.gov,Female,2183377119
5194789785,Pam,Jakoubec,tjakoubec4g@ehow.com,Female,4861753805
2209532655,Burr,Allbut,rallbut4h@eepurl.com,Male,9613384251
2889880834,Fred,Galiford,egaliford4i@blogspot.com,Female,5786381501
751976512,Tanner,Twelftree,ftwelftree4j@sakura.ne.jp,Male,3246307911
2710551624,Olvan,Breeder,dbreeder4k@addtoany.com,Male,9587049152
9937832845,Corby,Blomfield,ablomfield4l@phpbb.com,Male,1477646248
5264277796,Melicent,Burnhard,bburnhard4m@hp.com,Female,3091530566
6632529402,Rickert,Frederick,kfrederick4n@mashable.com,Male,8666231874
7684710028,Fairfax,Bengtsson,sbengtsson4o@cnn.com,Male,8320288878
4898814395,Ilario,Rapaport,brapaport4p@multiply.com,Male,3645285563
5805187183,Umeko,Gowar,agowar4q@hibu.com,Female,419457763
1874622264,Karita,Suttling,msuttling4r@wikimedia.org,Female,5648880200
7102338880,Susan,Raw,lraw4s@meetup.com,Female,4134172160
7492027869,Adam,Pringer,cpringer4t@about.me,Male,1497773474
6612820713,Ray,Burkitt,aburkitt4u@bravesites.com,Male,8089155596
9844924154,Chrissy,Besson,wbesson4v@storify.com,Female,9437654026
7596272703,Nance,Le Pine,clepine4w@exblog.jp,Female,4002913279
9376951336,Sheelah,Kantor,mkantor4x@smh.com.au,Female,1594084602
1231495804,Rainer,Harlow,mharlow4y@sourceforge.net,Male,7942466876
6663028855,Isa,Archell,larchell4z@posterous.com,Male,9427942754
6645355076,Salaidh,Renhard,trenhard50@google.de,Female,4284941666
3854768842,Warden,Claypole,sclaypole51@tripadvisor.com,Male,1166078760
6679534224,Augustus,Yakubovics,hyakubovics52@tamu.edu,Male,5799356659
5900114783,Dirk,Bunney,mbunney53@ibm.com,Male,8154922150
2859781463,Shay,Stenson,mstenson54@ustream.tv,Female,3697295675
845029657,Glory,Mewburn,tmewburn55@skype.com,Female,1295511827
4026830128,Chastity,Rouzet,grouzet56@craigslist.org,Female,8818840711
9110064338,Simona,Crauford,qcrauford57@tmall.com,Female,5060539636
9027145431,Callida,Latch,hlatch58@upenn.edu,Female,2847667709
3500858538,Felic,Routhorn,drouthorn59@people.com.cn,Male,7842462496
6009868408,Jamal,Cuschieri,ccuschieri5a@1688.com,Male,2587910129
4666051589,Dita,Roseblade,sroseblade5b@geocities.jp,Female,7420187703
7234542205,Augustus,Stoodale,nstoodale5c@cargocollective.com,Male,459878115
3604895820,Jackie,Treasure,ctreasure5d@macromedia.com,Male,9272012430
2641091674,Roz,Fritter,dfritter5e@tamu.edu,Female,6050443866
5521778632,Carmon,Dyer,adyer5f@woothemes.com,Female,6914570523
2369276320,Ogdan,Egleton,legleton5g@mit.edu,Male,2732741329
5352402045,Obed,MacEveley,lmaceveley5h@ow.ly,Male,7516155292
7606014019,Denver,Daborn,mdaborn5i@utexas.edu,Male,4966022282
4926046040,Annmarie,Maccraw,hmaccraw5j@engadget.com,Female,1601936516
5336419796,Culver,Dudliston,mdudliston5k@chron.com,Male,8236978796
3667862792,Scottie,Barbary,ebarbary5l@reuters.com,Male,4392361578
532719611,Camel,Teggin,fteggin5m@edublogs.org,Female,1183035918
3688307771,Dall,Anneslie,banneslie5n@instagram.com,Male,6352090869
5668312216,Jaimie,Hauck,chauck5o@alexa.com,Male,9287709947
8402958494,Tessie,Sarfas,fsarfas5p@dailymail.co.uk,Female,3886359549
6308780200,Ettie,Braniff,bbraniff5q@eventbrite.com,Female,4579548272
1263017827,Saunder,Lettley,blettley5r@opensource.org,Male,7963919837
8812921140,Donovan,Ionnisian,eionnisian5s@cpanel.net,Male,3541454520
4262040267,Odie,Kepp,bkepp5t@wordpress.com,Male,6485410961
9308095896,Monte,Drowsfield,tdrowsfield5u@sina.com.cn,Male,1783551909
3759155596,Kort,Bread,rbread5v@nsw.gov.au,Male,8870887863
9089781226,Michel,Rouch,nrouch5w@xrea.com,Male,4346454224
258838493,Manolo,Fanstone,pfanstone5x@tripod.com,Male,6089710881
4717215826,Tate,McVane,jmcvane5y@sourceforge.net,Male,8653706666
6076320885,Agosto,Peizer,ypeizer5z@senate.gov,Male,7937723238
7456577587,Anneliese,Sinyard,ssinyard60@ibm.com,Female,2271059739
9108752923,Tova,Borgars,aborgars61@wikipedia.org,Female,8718258360
3163359922,Gustaf,Slaymaker,wslaymaker62@mtv.com,Male,6362079671
1352570971,Esmaria,Wickliffe,dwickliffe63@google.com.au,Female,6433565999
7576414758,Virgina,Maseyk,amaseyk64@soup.io,Female,3730350021
4648114965,Aloysia,Berndtsson,hberndtsson65@wufoo.com,Female,2720852600
2150588471,Ibrahim,Pickett,mpickett66@netscape.com,Male,7776024511
925122319,Conan,Vinsen,gvinsen67@cisco.com,Male,6540590385
4108666941,Hermie,Bidnall,rbidnall68@photobucket.com,Male,7689493637
3355598569,Bronnie,Colliford,mcolliford69@sitemeter.com,Male,9263774811
9796753812,Den,Luigi,mluigi6a@umn.edu,Male,9197171808
1994303190,Shelden,Cowsby,acowsby6b@alibaba.com,Male,7413150107
6863603586,Orren,Ovitz,iovitz6c@ebay.co.uk,Male,265972132
2203809736,Karoly,Bullent,ebullent6d@people.com.cn,Female,1834703476
4039539117,Archy,Duley,rduley6e@usa.gov,Male,9794091790
5029018662,Arnie,Bertholin,tbertholin6f@senate.gov,Male,4508553567
4537240679,Mirelle,Dolligon,rdolligon6g@artisteer.com,Female,4072241865
2595303031,Ryann,O'Heagertie,aoheagertie6h@omniture.com,Female,7669595876
7067228085,Cortie,Laborde,rlaborde6i@i2i.jp,Male,2559542994
1384184155,Burl,Fogt,pfogt6j@oracle.com,Male,4782792549
7391090417,Kalvin,Ilewicz,uilewicz6k@prlog.org,Male,226320731
7504417750,Noel,Tonkinson,etonkinson6l@uiuc.edu,Female,2272074987
2156159394,Brien,Domke,adomke6m@phpbb.com,Male,3307075977
359802702,Becka,Bedberry,jbedberry6n@bigcartel.com,Female,9115487318
3247978879,Caren,Ropars,nropars6o@vimeo.com,Female,7393745364
6922772040,Margaret,Malkin,cmalkin6p@comcast.net,Female,3369288842
2901352286,Lynette,Codman,tcodman6q@mit.edu,Female,9748922251
4512547053,Cristian,Alvey,malvey6r@arizona.edu,Male,9608620880
5302659611,Tarrance,Upshall,gupshall6s@biblegateway.com,Male,4314010371
1758046902,Sutherlan,Ashton,mashton6t@clickbank.net,Male,4258809365
7150630251,Nilson,Anelay,ganelay6u@imgur.com,Male,7952224751
202298590,Berkeley,Frantsev,cfrantsev6v@archive.org,Male,5014898874
2018979590,Alberta,Govinlock,sgovinlock6w@reference.com,Female,370322851
5473730906,Cleon,Addlestone,eaddlestone6x@gnu.org,Male,9157536813
8404688168,Griffin,Barnwill,rbarnwill6y@usgs.gov,Male,9275256659
909507554,Loutitia,Bourdas,sbourdas6z@gravatar.com,Female,8275212650
8302124060,Ruy,Habberjam,bhabberjam70@wp.com,Male,9203393641
8367297113,Reba,Rickeard,crickeard71@pbs.org,Female,8710082751
4030232841,Gothart,Dorant,gdorant72@newyorker.com,Male,6311498650
5525302411,Odell,De Launde,tdelaunde73@skype.com,Male,8440668198
8458812916,Hale,Pomfrett,epomfrett74@amazon.co.uk,Male,6362619471
6273703701,Christabella,Kaman,bkaman75@wp.com,Female,8865780398
119008270,Benedick,Dykas,tdykas76@accuweather.com,Male,6992887785
1665025220,Conchita,Tolman,mtolman77@dedecms.com,Female,4369762693
1816859664,Marco,Forrester,oforrester78@live.com,Male,4080595441
6428218437,Gerard,Westhoff,dwesthoff79@a8.net,Male,5686241317
7865670524,Jessy,Fortin,pfortin7a@homestead.com,Female,372824838
6766876522,Olva,Daout,bdaout7b@github.io,Female,2262909830
4193070506,Inge,Flooks,eflooks7c@cafepress.com,Female,2780999446
5005601163,Emlyn,Szymanowicz,eszymanowicz7d@telegraph.co.uk,Female,8108144086
3291251636,Jard,Shelf,ashelf7e@odnoklassniki.ru,Male,7588881984
6309329898,Diarmid,Jepson,cjepson7f@smugmug.com,Male,1095165887
3345111780,Byran,Haines,phaines7g@fastcompany.com,Male,9312812106
8184888317,Darill,Forman,mforman7h@devhub.com,Male,1156513553
7276139425,Rosalinde,Cubin,dcubin7i@skyrock.com,Female,7316063785
5311107545,Matt,Ammer,yammer7j@pbs.org,Male,8402555519
6615240955,Gerda,Parish,wparish7k@taobao.com,Female,1685806805
8177107496,Leese,Spittle,espittle7l@wisc.edu,Female,6519913812
8038941810,Quintin,Dummett,ddummett7m@shop-pro.jp,Male,7338974233
2710379031,Sebastien,Jery,ojery7n@istockphoto.com,Male,6588186932
2681185246,Viviene,Hambrick,ahambrick7o@issuu.com,Female,9230795771
680031227,Giffer,Haitlie,mhaitlie7p@example.com,Male,6023144411
1227807236,Devina,Antrag,santrag7q@reverbnation.com,Female,6234511074
1494214717,Beaufort,Drage,jdrage7r@mlb.com,Male,6332040386
5275797060,Lucian,Swindley,uswindley7s@instagram.com,Male,3503405585
5555486618,Torey,Sherebrooke,asherebrooke7t@wisc.edu,Male,4394185459
7555100703,Corie,Swayne,fswayne7u@fc2.com,Female,8808332527
4784062823,Saleem,Osant,bosant7v@home.pl,Male,629383952
4685046714,Tony,Comiam,pcomiam7w@alexa.com,Male,9348773291
2080937863,Loretta,Slocumb,eslocumb7x@baidu.com,Female,4563653233
7531214377,Julius,Gilchriest,cgilchriest7y@drupal.org,Male,6277301128
2518331190,Jacqueline,Rohloff,irohloff7z@soup.io,Female,5115607026
1397445068,Ali,Caffrey,pcaffrey80@last.fm,Female,7186214118
7956340675,Modesta,Arlt,aarlt81@seesaa.net,Female,661495116
2741926824,Cristina,Carlaw,lcarlaw82@globo.com,Female,4195026458
7166146524,Evangelina,Degoey,sdegoey83@telegraph.co.uk,Female,9406597934
3338365144,Tripp,Mould,rmould84@freewebs.com,Male,826367119
1649664915,Simonne,Keymer,dkeymer85@shutterfly.com,Female,5552709055
893409391,Gaby,Simonnin,ssimonnin86@spotify.com,Male,4036159658
1814207589,Fulvia,Ketchell,hketchell87@hexun.com,Female,5476096485
9297933238,Donnell,Beevis,kbeevis88@cloudflare.com,Male,7956627966
2740942761,Rafaelia,Cella,bcella89@theglobeandmail.com,Female,7157730219
6991102997,Benjamin,Folling,efolling8a@marketwatch.com,Male,7486467119
2894488696,Royce,Sanderson,jsanderson8b@ft.com,Male,6369829900
3440422224,Adler,Konertz,akonertz8c@1und1.de,Male,3811945610
95591990,Selestina,Castelluzzi,ocastelluzzi8d@netvibes.com,Female,7741930400
6030694316,Win,Trotton,dtrotton8e@bloomberg.com,Male,1418950157
1465542302,Deirdre,Stoak,cstoak8f@nymag.com,Female,9398214725
4507988535,Gretna,Fifoot,bfifoot8g@free.fr,Female,1540178404
8803896988,Fremont,Whybray,awhybray8h@prweb.com,Male,5719973257
166896659,Devi,Duckett,pduckett8i@posterous.com,Female,4549510242
2165013747,Zora,Ettles,lettles8j@whitehouse.gov,Female,5583904879
7420097135,Sloane,Merredy,amerredy8k@discuz.net,Male,1349529281
2498964940,Jennee,Stapels,estapels8l@mapy.cz,Female,1012976769
6018579065,Balduin,Roscow,kroscow8m@odnoklassniki.ru,Male,9324764012
6572257878,Whitney,Shepherdson,gshepherdson8n@uiuc.edu,Male,4437385381
9774538803,Eirena,Thacker,wthacker8o@bloglovin.com,Female,5876524670
5009900270,Giacomo,Bowring,sbowring8p@businesswire.com,Male,1515479544
2855013550,Mirabelle,Richardt,orichardt8q@msu.edu,Female,112143873
1164504436,Matilda,Anear,ranear8r@dailymail.co.uk,Female,5497740537
2692315839,Chester,Learie,rlearie8s@shop-pro.jp,Male,2954639148
6914729697,Emlyn,Strickett,astrickett8t@opensource.org,Male,6066998005
353690678,Padget,Dansey,edansey8u@photobucket.com,Male,5551840220
8700634662,Gigi,Desquesnes,adesquesnes8v@google.pl,Female,2856345697
3146762935,Rab,Barham,ebarham8w@ebay.co.uk,Male,102720088
5963153972,Del,Stoeck,nstoeck8x@ihg.com,Female,9223463629
5451240078,Ashlie,Parzis,fparzis8y@booking.com,Female,9410726565
1301002771,Rick,Heather,gheather8z@so-net.ne.jp,Male,1473339138
1242965289,Iggie,Pampling,cpampling90@so-net.ne.jp,Male,4845999625
5166668642,Kippie,Bellison,fbellison91@who.int,Female,4978144051
296193739,Katherine,Anersen,fanersen92@jimdo.com,Female,5323769610
5648246617,Nappy,Fabler,nfabler93@cdbaby.com,Male,5846049346
5720000372,Mata,Maplethorp,hmaplethorp94@mac.com,Male,2450506691
7047323872,Tammi,Lawlor,plawlor95@youku.com,Female,3607127360
1636221793,Prescott,Harrington,fharrington96@desdev.cn,Male,3614520870
7403220838,Marillin,Tremberth,gtremberth97@freewebs.com,Female,5799104072
6412068538,Hakeem,Nowlan,snowlan98@ezinearticles.com,Male,5776299012
7450338866,Emilio,Grimble,kgrimble99@studiopress.com,Male,1764841220
9355867190,Minor,Willshear,mwillshear9a@google.co.uk,Male,6360448025
5270692023,Melicent,Tackes,ptackes9b@canalblog.com,Female,9960163792
4512132457,Paten,Gilburt,agilburt9c@godaddy.com,Male,6933163830
4492535438,Hedi,Pakes,cpakes9d@skyrock.com,Female,1808001931
4599929719,Jose,Everley,aeverley9e@usa.gov,Male,1570596336
1270700405,Wainwright,Chifney,schifney9f@reddit.com,Male,6451010588
8573776293,Rona,Lakenden,hlakenden9g@cbc.ca,Female,1817771388
2893654169,Collette,Dreakin,wdreakin9h@example.com,Female,6684173870
7180965731,Matelda,Hefner,ohefner9i@flavors.me,Female,2066852384
8334959494,Mayor,Coveley,dcoveley9j@guardian.co.uk,Male,4571290233
3562805454,Westbrook,Chapell,rchapell9k@examiner.com,Male,6645356706
793713927,Susy,Loadman,jloadman9l@abc.net.au,Female,8428319340
7138569777,Adeline,Merrydew,lmerrydew9m@bbb.org,Female,7727732192
6519518581,Missy,Wilcocks,mwilcocks9n@earthlink.net,Female,3153944369
9738442958,Sisile,Bernetti,cbernetti9o@t.co,Female,5388234800
6113060071,Dulce,Graffham,agraffham9p@clickbank.net,Female,1732001316
1056428589,Leeanne,Burgise,mburgise9q@ycombinator.com,Female,1359123822
9052901775,Leodora,Poluzzi,spoluzzi9r@nasa.gov,Female,397071736
6555278226,Zorana,Sodory,psodory9s@hhs.gov,Female,4202627423
3469428832,Corrina,Sybry,gsybry9t@blinklist.com,Female,4017389392
785338853,Roma,Scudders,escudders9u@imageshack.us,Male,7640493471
6385654877,Iorgo,Glass,cglass9v@whitehouse.gov,Male,7224576107
9740629563,Mariele,Coffey,acoffey9w@blinklist.com,Female,3904475975
9689555782,Parker,Boniface,dboniface9x@squarespace.com,Male,2148471627
8602586221,Erhard,Humpherson,jhumpherson9y@github.io,Male,6937274688
9866112047,Papageno,Bifield,lbifield9z@studiopress.com,Male,7220221096
7155106321,Toby,Lanahan,clanahana0@spotify.com,Male,2907096257
1691207705,Cynde,Vany,svanya1@auda.org.au,Female,4676879253
2381781366,Daveta,Geal,tgeala2@seattletimes.com,Female,609118501
4572013098,Irwin,Carless,hcarlessa3@reuters.com,Male,9081250787
6034500400,Tad,Metterick,wmettericka4@g.co,Male,6141300960
3526963541,Gasper,Carlet,rcarleta5@bbc.co.uk,Male,626430380
9069286106,Morgen,Dahmke,fdahmkea6@google.ru,Female,5100629622
8247684586,Henrie,Arnold,harnolda7@loc.gov,Female,5988491022
1134661363,Kathie,Finci,wfincia8@shareasale.com,Female,9933566377
495250244,Anthe,Stuckow,rstuckowa9@360.cn,Female,6471930747
2604124,Ferdinanda,Nelmes,mnelmesaa@youtu.be,Female,3729968238
3904376616,Rickert,Di Baudi,bdibaudiab@berkeley.edu,Male,1683989953
7187982852,Joaquin,Bolin,ibolinac@samsung.com,Male,4671433176
5087749623,Orton,Baynard,pbaynardad@mac.com,Male,2407436504
5474933746,Damara,Vinter,avinterae@illinois.edu,Female,9221074935
4626220215,Spense,Spackman,aspackmanaf@nature.com,Male,1546532188
2093548399,Percival,Darrach,bdarrachag@netscape.com,Male,7549755418
2207703436,Gayler,Halladey,lhalladeyah@chron.com,Male,7471750812
5481466848,Worden,Ridett,cridettai@cargocollective.com,Male,2306648492
557752639,Alonzo,Ibert,pibertaj@nifty.com,Male,9044960962
9209853288,Dinah,Speed,aspeedak@elpais.com,Female,776809024
5407019191,Harwilll,Allcock,tallcockal@cpanel.net,Male,5912629023
6836761966,Helga,Merrin,cmerrinam@vistaprint.com,Female,6311302101
5094596098,Bliss,Axby,aaxbyan@angelfire.com,Female,2725250552
8337212489,Hillery,Parkyn,iparkynao@cbc.ca,Male,9785979598
4824512808,Haskell,Girardetti,rgirardettiap@yahoo.co.jp,Male,6135449893
320966461,Jandy,Dowling,ldowlingaq@ft.com,Female,5020161942
1052520634,Mellisent,Hollyland,lhollylandar@mediafire.com,Female,5650821623
2235768717,Corette,Cordova,fcordovaas@comcast.net,Female,4448094294
8728969804,Roxi,Espinha,mespinhaat@wunderground.com,Female,2805489608
3856830480,Norris,Kneath,dkneathau@reverbnation.com,Male,3349322581
9648574103,Jeremy,Peirone,mpeironeav@fastcompany.com,Male,3798793123
8080097127,Stacie,Ierland,gierlandaw@etsy.com,Female,6365205961
309301971,Karena,Yankeev,yyankeevax@irs.gov,Female,6951023875
2889275035,Benedicta,Jirak,djirakay@tinyurl.com,Female,9499274804
6510544156,Traver,Rapps,wrappsaz@facebook.com,Male,7422661011
252941306,Brucie,Martignoni,amartignonib0@creativecommons.org,Male,2225959854
2358432008,Grace,Balston,gbalstonb1@economist.com,Male,130183423
9159151757,Carma,Scutter,mscutterb2@msu.edu,Female,177865342
7457960805,Symon,Bettley,ubettleyb3@yahoo.com,Male,924364653
3177675244,Demetri,Kirley,ckirleyb4@163.com,Male,2438273186
6087172297,Nonna,Burl,dburlb5@google.co.uk,Female,6432544157
9762519817,Orsa,Cullimore,bcullimoreb6@oaic.gov.au,Female,5739756952
5348058211,Tom,Stitle,ustitleb7@163.com,Male,752012703
6325034058,Janel,Ecclesall,wecclesallb8@rakuten.co.jp,Female,7053726371
2818089409,Ambrosio,Spadotto,cspadottob9@chicagotribune.com,Male,3983793223
1984372637,Ralina,Mosby,bmosbyba@cargocollective.com,Female,4666734538
8392667557,Jeno,Sexty,ssextybb@moonfruit.com,Male,8128297864
589997343,Chad,Sale,jsalebc@washington.edu,Female,6770766973
2603870025,Gilbert,Bussons,hbussonsbd@ocn.ne.jp,Male,2003218424
7788602434,Gottfried,Staines,tstainesbe@sitemeter.com,Male,5091449485
8313743425,Paul,Folke,efolkebf@alibaba.com,Male,4676089236
798317981,Julianna,Mathiot,rmathiotbg@ovh.net,Female,3733433602
3318188034,Fania,Shrimptone,jshrimptonebh@blogger.com,Female,8717830974
9514891511,Leif,Roman,fromanbi@squidoo.com,Male,9216754265
1327669560,Danit,Sciusscietto,msciussciettobj@illinois.edu,Female,7297930245
8739071995,Charley,Yendall,hyendallbk@columbia.edu,Male,5948284204
2911379683,Dasi,Reolfi,breolfibl@salon.com,Female,6405815161
8246198408,Nanice,Flamank,yflamankbm@drupal.org,Female,4933161755
1050384180,Pete,Howsam,khowsambn@squidoo.com,Male,3357465906
5052733569,Nikkie,Evemy,gevemybo@utexas.edu,Female,1782887067
9797485293,Goober,Pendre,ppendrebp@spotify.com,Male,6876294668
7184883144,Cally,Cleveley,ecleveleybq@hp.com,Female,3495407049
5494397327,Nealon,Stener,tstenerbr@dyndns.org,Male,9654560186
4057692886,Laurent,Jahnel,rjahnelbs@seesaa.net,Male,2419017641
3724994095,Morris,Fagan,dfaganbt@mapquest.com,Male,3718263475
4624355695,Maggi,Ouslem,louslembu@reuters.com,Female,6341028342
3713255636,Sonia,Sherrott,esherrottbv@ycombinator.com,Female,4007976872
275888274,Petey,Meechan,ameechanbw@sakura.ne.jp,Male,890801460
2957383845,Tuesday,Lewington,dlewingtonbx@eventbrite.com,Female,9174661523
713759879,Dolores,Chastney,cchastneyby@goo.ne.jp,Female,9069223198
5862183159,Jacinthe,Sibthorp,dsibthorpbz@google.nl,Female,2759098761
5556501955,Allin,Minero,cmineroc0@virginia.edu,Male,8618263931
5393815786,Ricki,Delafont,cdelafontc1@wikispaces.com,Female,1400262429
401274721,Humbert,Lenormand,dlenormandc2@sina.com.cn,Male,5830524007
8297961281,Jeanine,Duberry,pduberryc3@google.com,Female,8020609075
3318039330,Eloisa,Klimecki,cklimeckic4@mozilla.org,Female,5695724627
9067280127,Artair,Munson,tmunsonc5@pcworld.com,Male,3659379212
253844185,Hadleigh,Larking,blarkingc6@usa.gov,Male,3924979154
2295326125,Wylie,Tunnicliffe,ttunnicliffec7@addtoany.com,Male,7227035816
8333946399,Tulley,Beecroft,jbeecroftc8@ehow.com,Male,183479386
4325721290,Kerry,Norwood,bnorwoodc9@dmoz.org,Female,4721941145
9742214662,Noe,Slyford,eslyfordca@alexa.com,Male,5364358550
317156586,Feliza,Matz,smatzcb@webeden.co.uk,Female,6945765989
9004863087,Camella,Gilchrest,egilchrestcc@jiathis.com,Female,9981472670
7221009538,Verne,Robjant,vrobjantcd@timesonline.co.uk,Male,2460654928
2517569819,Gratia,Seres,fseresce@dailymail.co.uk,Female,2308021047
5746781150,Micki,Rennolds,krennoldscf@google.com.hk,Female,1219047198
5204468544,Robby,Dulson,ldulsoncg@wikimedia.org,Male,8163722967
1999433246,Annetta,Brawn,abrawnch@ucoz.com,Female,6948380379
1176087568,Odey,Gilvary,tgilvaryci@gravatar.com,Male,5130503953
9260426596,Cherish,Cribbins,kcribbinscj@paypal.com,Female,2551020018
5816191489,Otto,Clissold,eclissoldck@cornell.edu,Male,1403288143
5345081786,Debee,Norsister,snorsistercl@blogs.com,Female,705232182
3471753443,Fredi,McElroy,amcelroycm@barnesandnoble.com,Female,9368766606
3989697889,Lovell,Loseke,plosekecn@homestead.com,Male,5321483787
2978403438,Ernestus,Budgey,mbudgeyco@washingtonpost.com,Male,3275383272
4578681122,Padraic,Ellens,gellenscp@guardian.co.uk,Male,8322486499
6842188059,Cindi,Fryer,ffryercq@whitehouse.gov,Female,8447022625
203275241,Bengt,Scargill,tscargillcr@yolasite.com,Male,3266409264
4047946214,Carlin,Catteroll,dcatterollcs@geocities.com,Male,775586854
589877666,Madalyn,Fenner,dfennerct@google.it,Female,4996676094
2714441017,Norrie,Tordoff,rtordoffcu@ucoz.ru,Female,4918905641
2484570627,Sella,Disley,tdisleycv@bigcartel.com,Female,4118871378
4594206794,Mareah,Surplice,rsurplicecw@edublogs.org,Female,7184682645
8204519443,Hyacinth,Ronayne,tronaynecx@mysql.com,Female,1111805121
7674741079,Tiena,Mayhead,dmayheadcy@discuz.net,Female,820931527
9338491102,Larina,Toe,atoecz@barnesandnoble.com,Female,6680332281
8302540447,Tanney,Heigl,uheigld0@google.es,Male,511648189
3775822062,Ketti,Addicote,raddicoted1@topsy.com,Female,8569857705
63035871,Romy,Giraudeau,fgiraudeaud2@ihg.com,Female,8789726901
6535004686,Margie,Crawcour,rcrawcourd3@nsw.gov.au,Female,3762966907
4290879896,Shea,Rennolds,arennoldsd4@netvibes.com,Male,1206204885
3538257825,John,O'Cosgra,vocosgrad5@indiatimes.com,Male,8386581778
9242605506,Phaidra,Pfeffel,bpfeffeld6@angelfire.com,Female,6816032195
1245715224,Sheff,Steuart,tsteuartd7@cam.ac.uk,Male,1400218047
1654017612,Devan,Lowten,dlowtend8@sohu.com,Female,2013817460
3048136665,Gabbey,Delgado,mdelgadod9@timesonline.co.uk,Female,8612006953
1471708942,Beverlie,Poley,vpoleyda@geocities.com,Female,669123625
9213944608,Taber,McIlherran,omcilherrandb@bbb.org,Male,5552364635
5651410821,Hendrick,Brandel,gbrandeldc@ed.gov,Male,1934267872
990806626,Constantine,Dulany,tdulanydd@vimeo.com,Male,8988853539
7757333393,Yelena,Pomphrey,hpomphreyde@issuu.com,Female,9113490982
3622565861,Lyndsie,Teggin,steggindf@ycombinator.com,Female,7582223349
3457357471,Hogan,Kahen,ckahendg@123-reg.co.uk,Male,3523737680
4827913412,Quentin,Currie,ocurriedh@addthis.com,Female,513214208
4352075671,Bertie,Lelievre,elelievredi@bluehost.com,Female,6288968730
9352109503,Brandi,Erangy,eerangydj@vkontakte.ru,Female,7745906989
4627268831,Aliza,Moscon,gmoscondk@weather.com,Female,754068986
9606619710,Giralda,Oddboy,doddboydl@ibm.com,Female,4871104605
8088703603,Otes,Shitliffe,rshitliffedm@g.co,Male,7103340765
2277301302,Corette,Bovey,eboveydn@google.com.au,Female,435031376
3113220793,Blinny,Ivanets,bivanetsdo@hubpages.com,Female,5492212699
6721348438,Sephira,Kubacki,gkubackidp@squarespace.com,Female,1904534112
6929895938,Jess,Anfosso,eanfossodq@google.com.au,Female,3014538515
3964696331,Christel,Ebbing,eebbingdr@ucsd.edu,Female,3791195964
6017482912,Far,Eilhart,yeilhartds@amazon.co.jp,Male,3190857628
3201365912,Geri,Wratten,mwrattendt@dot.gov,Female,5462343116
4987300699,Eddy,Matsell,tmatselldu@indiegogo.com,Female,5700567415
5751685644,Zeb,Abdey,eabdeydv@hud.gov,Male,3469316864
3502307423,Pace,Nelsen,cnelsendw@apache.org,Male,2687323322
8097439565,Artemis,Spreadbury,aspreadburydx@businesswire.com,Male,1068667818
8796071990,Eddy,Boller,abollerdy@yahoo.com,Male,9730570205
8625803474,Aretha,McNeigh,hmcneighdz@taobao.com,Female,7002026046
9868707277,Ruperta,Glyn,kglyne0@istockphoto.com,Female,3273274298
6286800301,Cassy,Oller,lollere1@tripadvisor.com,Female,7648378175
5990341091,Maurine,Capper,dcappere2@google.cn,Female,361950454
3410185593,Juline,Petera,bpeterae3@about.com,Female,9743576606
836941780,Calla,Mussard,hmussarde4@histats.com,Female,6682051123
7068097375,Gusta,Cronchey,acroncheye5@cbsnews.com,Female,6203853526
4994289069,Matty,Reedy,jreedye6@xinhuanet.com,Male,130599808
6247449747,Boris,Acosta,aacostae7@printfriendly.com,Male,8923028029
2818320941,Kassey,Gisbye,kgisbyee8@privacy.gov.au,Female,9737993624
1258683814,Maxie,Anster,sanstere9@mozilla.com,Male,9539109973
3967303292,Edlin,Pretious,mpretiousea@xrea.com,Male,6352596126
4901870467,Zorana,Thwaites,pthwaiteseb@dyndns.org,Female,8842700630
5484857775,Bennett,Willder,bwillderec@uol.com.br,Male,8743466486
2332739254,Clarence,Mitchard,rmitcharded@samsung.com,Male,964697629
8079066922,Lida,Crepin,tcrepinee@youtube.com,Female,5869957230
3133897705,Carie,Matyushonok,bmatyushonokef@cpanel.net,Female,53943775
5841675508,Chev,Ludwell,gludwelleg@naver.com,Male,2913560547
1636648568,Lauren,Robson,srobsoneh@icq.com,Male,3559849829
5637281793,Pauli,Folkard,afolkardei@elegantthemes.com,Female,1760166553
4432983825,Timmy,Philipsson,aphilipssonej@businesswire.com,Female,5030345140
5024437454,Horst,Habershaw,ghabershawek@yahoo.co.jp,Male,3188819978
1450680291,Bernhard,Beale,wbealeel@tinyurl.com,Male,6370977209
386263795,Maxi,Maestro,hmaestroem@vistaprint.com,Female,9092881007
7079636736,Randie,Pickles,cpicklesen@noaa.gov,Male,9381168652
5317059607,Arabela,Pigdon,ppigdoneo@wikispaces.com,Female,5171913803
321302443,Fredia,Greenacre,mgreenacreep@google.de,Female,9022415643
7852073786,Larina,Beasley,obeasleyeq@businessweek.com,Female,7135814436
9555565066,Parry,Conan,econaner@google.com,Male,8013129624
7622072281,Marshall,Woodstock,mwoodstockes@nydailynews.com,Male,1544356854
8128104632,Nixie,Weld,aweldet@behance.net,Female,5860566662
4910127356,Paulo,Studholme,hstudholmeeu@oakley.com,Male,7226862204
1095530461,Jess,Wilks,ewilksev@woothemes.com,Male,2451770546
2286648859,Pierrette,Leyman,wleymanew@webeden.co.uk,Female,2491430703
2726284167,Randie,Westberg,cwestbergex@nps.gov,Male,5574224402
4405097119,Betteanne,Schubert,lschubertey@bandcamp.com,Female,2041551518
5120000924,Marlane,Bushnell,rbushnellez@disqus.com,Female,8026096371
2773276051,Hinze,Forlonge,hforlongef0@cdc.gov,Male,8475490018
9878190595,Ardine,Hammerman,rhammermanf1@apple.com,Female,8248200027
1896066038,Agata,Marlon,gmarlonf2@narod.ru,Female,6346873946
8994035478,Caleb,Middler,gmiddlerf3@altervista.org,Male,8483731541
4175805362,Gayleen,Castiglioni,rcastiglionif4@indiatimes.com,Female,1619826836
9172155604,Archambault,Doohan,bdoohanf5@reverbnation.com,Male,2336818388
5596686654,Udale,Still,bstillf6@webmd.com,Male,8511321330
1298565790,Jo-anne,Clutten,acluttenf7@reuters.com,Female,8235058782
9233676080,Hamish,Coche,bcochef8@google.cn,Male,3903022721
882988905,Alfred,Skotcher,vskotcherf9@chronoengine.com,Male,2404088505
3416492595,Napoleon,Woodhouse,dwoodhousefa@addtoany.com,Male,8790132548
8105345048,Zelig,Esel,heselfb@amazon.com,Male,8349303069
1262628717,Hew,Trayhorn,mtrayhornfc@unc.edu,Male,4449857267
4327149330,Akim,Desaur,ndesaurfd@tripadvisor.com,Male,5597904620
6719496344,Delinda,Theseira,dtheseirafe@squarespace.com,Female,3363311915
1176596896,Boot,Bulter,tbulterff@senate.gov,Male,778521176
9962759358,Alicia,Tison,ctisonfg@cbc.ca,Female,295716819
6374571134,Lou,Starcks,estarcksfh@usa.gov,Male,3340271208
1798063581,Irwin,Frays,wfraysfi@cpanel.net,Male,6626330284
5391141184,Toiboid,Kyrkeman,ekyrkemanfj@mapy.cz,Male,2884486879
9885787542,Bee,Lawrance,qlawrancefk@netvibes.com,Female,569130336
13457659,Abbott,Colbeck,gcolbeckfl@chron.com,Male,9982975501
7113221777,Goran,Carradice,ecarradicefm@wiley.com,Male,9788616291
2729399917,Leeanne,Tokley,utokleyfn@free.fr,Female,925468029
1827831944,Zita,Sijmons,ysijmonsfo@vistaprint.com,Female,2975045239
4835926854,Celie,Brennon,tbrennonfp@instagram.com,Female,8496294854
8922499516,Michele,Bouldstridge,mbouldstridgefq@meetup.com,Female,3711672310
6301678745,Caritta,Stanlock,bstanlockfr@cargocollective.com,Female,2605108074
7648329239,Weider,Puddle,cpuddlefs@cisco.com,Male,3869526033
7175221614,Valry,Gadsby,kgadsbyft@github.io,Female,8033298065
2450432590,Renaud,Pidgen,apidgenfu@businessweek.com,Male,9114394995
749042966,Jacintha,Poynor,qpoynorfv@about.me,Female,7999474959
8700671274,Raviv,Appleford,fapplefordfw@pcworld.com,Male,8330052257
1622423453,Lodovico,Searles,msearlesfx@unesco.org,Male,9237452721
1953941540,Ileane,Dundredge,sdundredgefy@paypal.com,Female,775978019
800764064,Brittni,Inkin,binkinfz@princeton.edu,Female,3216312011
2087122679,Fabian,Maraga,emaragag0@berkeley.edu,Male,7207508891
3775882669,Allie,Key,tkeyg1@wiley.com,Male,2247342787
7068079105,Danica,Seath,jseathg2@booking.com,Female,3895498718
9873505512,Bobby,Pashley,spashleyg3@businessweek.com,Male,3881282912
3155160357,Ferrell,Tregian,btregiang4@privacy.gov.au,Male,7804770022
7345118576,Towny,Waberer,swabererg5@typepad.com,Male,7735634978
2104700086,Dav,Samworth,hsamworthg6@studiopress.com,Male,1065413068
5777262821,Roberta,Lesser,llesserg7@mashable.com,Female,5426413223
8468663735,Gilbert,Docket,sdocketg8@opera.com,Male,6116894402
8014340264,Dalila,Antognazzi,gantognazzig9@samsung.com,Female,1587932709
5015353812,Avivah,Simek,ksimekga@nationalgeographic.com,Female,9292440128
1150942908,Orbadiah,Wattisham,cwattishamgb@dion.ne.jp,Male,2886532983
710570317,Burg,Padly,hpadlygc@vk.com,Male,6662737380
7858802607,Dayna,Brosnan,mbrosnangd@goo.gl,Female,5550746433
1239742606,Demetri,Holdworth,jholdworthge@sitemeter.com,Male,8980709951
2922577643,Georgie,Mapother,tmapothergf@networkadvertising.org,Male,714380539
6345216283,Sinclair,Alleway,iallewaygg@ask.com,Male,9429556347
5620494837,Gordan,Yurenev,syurenevgh@google.fr,Male,5030714650
215878620,Vivianne,Manus,amanusgi@mediafire.com,Female,16754964
2649155205,Kristine,Hubbins,thubbinsgj@imdb.com,Female,5440606084
8302727156,Amery,Sackey,vsackeygk@cargocollective.com,Male,2501378695
7026411500,Dulcea,Ludee,tludeegl@cnbc.com,Female,1756524904
5280877972,Dianemarie,Benne,lbennegm@deliciousdays.com,Female,7644207767
2787191991,Quent,Hrinchenko,lhrinchenkogn@prlog.org,Male,5012872169
729419428,Verna,Vanyakin,kvanyakingo@dailymail.co.uk,Female,6233796814
2795484447,Zara,Figura,kfiguragp@bigcartel.com,Female,6510872323
6987931224,Jaquelin,Phethean,gphetheangq@instagram.com,Female,5082661752
100988296,Ody,Burl,hburlgr@prweb.com,Male,4922334823
5512622218,Tabor,Shinfield,gshinfieldgs@smugmug.com,Male,6893288794
1888694963,Karlotte,Eke,sekegt@tmall.com,Female,2423811446
7363471541,Sissy,Faiers,cfaiersgu@vistaprint.com,Female,8573979410
3769775015,Todd,Rappaport,brappaportgv@desdev.cn,Male,2244692760
7772653700,Langsdon,Couroy,lcouroygw@bravesites.com,Male,254881017
8700023426,Cory,Burcombe,jburcombegx@slideshare.net,Male,5311339020
633100803,Toinette,Rioch,triochgy@elpais.com,Female,9625686061
3962873414,Shayna,Jansson,ojanssongz@bravesites.com,Female,9623644779
1716515580,Fayina,Jacobi,cjacobih0@nba.com,Female,2928031758
9721216232,Chaunce,Lissandrini,clissandrinih1@yelp.com,Male,2913928641
6051860622,Roddie,Calvert,wcalverth2@privacy.gov.au,Male,6868810288
5324829447,Hubert,Jack,sjackh3@icq.com,Male,9431957590
2363309596,Anders,Marlowe,bmarloweh4@livejournal.com,Male,6994166414
9222428625,Chilton,Strawbridge,mstrawbridgeh5@hugedomains.com,Male,5209508781
1925862453,Myron,Sadry,ksadryh6@ftc.gov,Male,9860114218
5018010304,Daisi,Ingreda,cingredah7@symantec.com,Female,2088035990
3855965706,Dreddy,Hurd,whurdh8@sbwire.com,Female,2334721298
391997017,Briant,Kimberley,nkimberleyh9@hud.gov,Male,4516249316
8765439937,Walliw,Lubeck,blubeckha@intel.com,Female,5211390393
9772336049,Jacenta,Sutterby,bsutterbyhb@bizjournals.com,Female,2068222558
8488346603,Ruthanne,Heimes,bheimeshc@wunderground.com,Female,9516042899
1119974925,Daphna,De Gouy,cdegouyhd@sun.com,Female,1962669912
2422734324,Elmore,Meachen,emeachenhe@newyorker.com,Male,8767319572
5280140724,Vick,Whittock,ywhittockhf@mapquest.com,Male,7928155273
9643223876,Salomo,Vasyutichev,hvasyutichevhg@google.de,Male,9187586258
3649772175,Bertram,Annes,tanneshh@vkontakte.ru,Male,7220805829
5571229195,Rodrick,Mazella,amazellahi@naver.com,Male,3297909234
9174742981,Michail,Dolle,gdollehj@buzzfeed.com,Male,9301484978
5015402678,Sapphire,Marden,wmardenhk@mayoclinic.com,Female,8389873036
6896324635,Israel,Livingston,mlivingstonhl@phoca.cz,Male,226537439
7524006837,Phyllys,Jupp,tjupphm@blogtalkradio.com,Female,5171067325
7962877359,Cicely,Farmery,rfarmeryhn@dropbox.com,Female,3239881594
8415526911,Mary,Claiton,rclaitonho@sphinn.com,Female,544366883
1710146400,Sisely,Kirstein,ikirsteinhp@naver.com,Female,1851901175
7765655787,Muhammad,Demongeot,bdemongeothq@miitbeian.gov.cn,Male,2547303167
3953233572,Laurena,Andersson,kanderssonhr@alexa.com,Female,2367876991
3722405181,Kerry,Ginglell,cginglellhs@facebook.com,Female,666965730
4765373215,Deeanne,Drinkhill,hdrinkhillht@google.co.uk,Female,9078131640
1752384016,Kathleen,Stonehouse,bstonehousehu@google.cn,Female,8185303533
2733858238,Valentino,Goodall,dgoodallhv@g.co,Male,2892430755
5759231847,Tildy,Basterfield,bbasterfieldhw@hexun.com,Female,3634310081
6949635397,Percy,Kort,fkorthx@go.com,Male,4052680979
3709372143,Nell,Ambresin,wambresinhy@pen.io,Female,4615414595
1455100102,Jacqui,Firle,bfirlehz@theglobeandmail.com,Female,9516090206
7808337587,Nyssa,Guerreau,eguerreaui0@apple.com,Female,2588148476
2243650177,Vincenty,Gaspard,pgaspardi1@networkadvertising.org,Male,9562059081
4258548944,Edie,Farbrace,ofarbracei2@dedecms.com,Female,8493474207
8014179722,Wendi,Ridler,rridleri3@virginia.edu,Female,8058327093
2957410990,Archy,Redhole,gredholei4@photobucket.com,Male,4613177537
58611568,Lucho,Ipgrave,gipgravei5@over-blog.com,Male,6661633832
4404019939,Vic,De Nisco,cdeniscoi6@virginia.edu,Male,4260524488
8441284385,Berk,McGrorty,fmcgrortyi7@ucoz.ru,Male,281349762
9272817005,Didi,Alti,aaltii8@ibm.com,Female,9112593931
6989822406,Robina,Ostick,nosticki9@ibm.com,Female,4502693200
5424043194,Stanton,Matthew,vmatthewia@adobe.com,Male,2185018949
4207912592,Paul,Theze,gthezeib@about.com,Male,1966579586
3953204149,Farr,Bondley,cbondleyic@census.gov,Male,1149765100
6242027003,Joelynn,Bolsteridge,dbolsteridgeid@google.fr,Female,5714729730
8249539257,Curr,Scole,pscoleie@bloglines.com,Male,4184057446
7097647876,Annie,Stoves,rstovesif@mit.edu,Female,9721192082
6346644602,Iormina,Lewisham,slewishamig@admin.ch,Female,6373259757
4257107170,Waldon,Ivanyutin,civanyutinih@gnu.org,Male,6419208017
9740644953,Bertrando,Cloonan,bcloonanii@dropbox.com,Male,9920417645
3679444893,Doug,Fawloe,sfawloeij@soundcloud.com,Male,6358570684
2189881579,Emlyn,Titmus,gtitmusik@bbb.org,Male,7899421748
8583810125,Nina,McCracken,gmccrackenil@addthis.com,Female,8347115141
3272379142,Meade,Howse,thowseim@symantec.com,Male,7289063783
8925964171,Kendre,Rosel,broselin@mit.edu,Female,6082108272
1639608265,Giuseppe,Hanhardt,ehanhardtio@unblog.fr,Male,2176259386
5810847900,Bessy,Colecrough,pcolecroughip@is.gd,Female,8349749466
4589730308,Yvon,MacGinley,rmacginleyiq@tinypic.com,Male,1653116013
3429184673,Koenraad,Darwood,kdarwoodir@hc360.com,Male,4960761903
9732799552,Ole,Chappelow,gchappelowis@cyberchimps.com,Male,9943609397
8419173495,Gav,Lunt,aluntit@surveymonkey.com,Male,3870510307
7925448725,Berkeley,Flintoffe,iflintoffeiu@4shared.com,Male,1035315661
3718629208,Grenville,Miko,gmikoiv@yandex.ru,Male,1114703850
2644548810,Sybille,Brewitt,hbrewittiw@imageshack.us,Female,3024079610
1346795797,Arline,Dmiterko,gdmiterkoix@facebook.com,Female,4683246694
8944056196,Georgeanna,Magog,dmagogiy@360.cn,Female,5202417292
8154166992,Luce,Brosel,kbroseliz@list-manage.com,Female,2294419766
9812214518,Lynsey,Klaiser,bklaiserj0@elegantthemes.com,Female,7186882358
8165300512,Rollins,Sagg,gsaggj1@discuz.net,Male,1562819194
1956815090,Nelle,Cathersides,bcathersidesj2@netlog.com,Female,6468860857
5584631272,Magdaia,Lortzing,flortzingj3@purevolume.com,Female,3650794772
6450968184,Agna,Bigglestone,dbigglestonej4@eepurl.com,Female,1812457626
6129968906,Eb,Jacobs,bjacobsj5@yellowpages.com,Male,2113708094
5276117810,Johnathan,Duchateau,cduchateauj6@ow.ly,Male,2435526938
4953171128,Koo,McIlveen,tmcilveenj7@1und1.de,Female,8125709673
2761990854,Rex,Heales,lhealesj8@gnu.org,Male,928028704
9448881207,Vin,Fantone,gfantonej9@google.co.uk,Male,3595754220
2285546246,Eldredge,Gunby,dgunbyja@nba.com,Male,523614357
9336016768,Alane,Goffe,cgoffejb@home.pl,Female,5849999647
8299362857,Tildie,Scrivinor,gscrivinorjc@netvibes.com,Female,9909258668
9060369246,Donall,McIan,dmcianjd@printfriendly.com,Male,2991474300
2018042505,Igor,Reinbach,jreinbachje@cafepress.com,Male,1886989575
3787925945,Erastus,Bernucci,dbernuccijf@reference.com,Male,4823803019
3770988337,Verina,Joanic,rjoanicjg@tripadvisor.com,Female,8626203837
3085487816,Barbara,Brownsell,jbrownselljh@qq.com,Female,8353106639
4018241100,Sheeree,Banks,mbanksji@scribd.com,Female,8389342332
5298327966,Blake,Pexton,gpextonjj@ihg.com,Female,8606575585
5048707400,Gearard,Arne,rarnejk@deviantart.com,Male,5042341838
9828802910,Fancie,Colthard,gcolthardjl@craigslist.org,Female,8184621760
5678901648,Konstanze,Horley,ghorleyjm@ifeng.com,Female,834441489
3406997430,Nathanial,Card,ccardjn@state.tx.us,Male,5845177790
3508538206,Thornie,Carlile,gcarlilejo@paginegialle.it,Male,3498334794
7691748205,Bernard,Joselovitch,hjoselovitchjp@infoseek.co.jp,Male,5401979630
6219855493,Shara,Frondt,vfrondtjq@vk.com,Female,62641239
3322507246,Faye,Ridgley,aridgleyjr@senate.gov,Female,1901725197
7195644782,Ravid,Trusler,struslerjs@harvard.edu,Male,3373542642
7669306785,Gordan,Nassie,cnassiejt@fda.gov,Male,990682404
7876069274,Nessy,Devany,mdevanyju@elegantthemes.com,Female,7408620028
5221988437,Gusty,Perico,ipericojv@twitter.com,Female,74950118
637123581,Adella,Vossing,evossingjw@nytimes.com,Female,7241349431
7828153287,Bartholomeus,Lage,mlagejx@google.com.hk,Male,9967336811
1431116149,Norrie,Gorrie,ggorriejy@mediafire.com,Female,2223591019
9861331824,Devy,Fripp,ifrippjz@ameblo.jp,Male,8600425638
8007958177,Philomena,Abramowitz,babramowitzk0@elpais.com,Female,3530704970
1740836197,Benedikt,Heater,hheaterk1@narod.ru,Male,8111270704
594920485,Vasily,Avis,javisk2@usnews.com,Male,5511405507
118175947,Gare,Churly,wchurlyk3@linkedin.com,Male,1077946260
9008959550,Steward,Howle,ehowlek4@sakura.ne.jp,Male,9282551237
6053362247,Mada,Bluschke,abluschkek5@nymag.com,Female,9876754580
4169308670,Crawford,Mattielli,hmattiellik6@vimeo.com,Male,9592608903
7774609202,Lesya,Gegg,sgeggk7@loc.gov,Female,3825454703
7282879176,Auria,Deackes,cdeackesk8@linkedin.com,Female,3758616247
9542252307,Benny,Mettericke,ometterickek9@sohu.com,Female,1700892622
3448320285,Laurene,Atcock,katcockka@merriam-webster.com,Female,7013346314
9503302285,Shanna,Probate,eprobatekb@icq.com,Female,8020384626
1607734613,Goldie,Byre,abyrekc@php.net,Female,9969336908
5290770011,Hobard,Sutton,hsuttonkd@yahoo.com,Male,6310420267
2281616525,Claudie,Broadfield,obroadfieldke@a8.net,Female,1060116723
2431000133,Freddi,Gallier,jgallierkf@redcross.org,Female,2047444284
522323170,Ralph,Kubes,kkubeskg@hexun.com,Male,2812083387
491398514,Griz,Songist,msongistkh@cdbaby.com,Male,7704295381
9885939199,Pepito,Dows,ddowski@berkeley.edu,Male,4995901744
3678211003,Mikael,Gillatt,agillattkj@eventbrite.com,Male,3064962000
3766549502,Rhodie,Pitrasso,ipitrassokk@squidoo.com,Female,7732024540
3445371997,Somerset,Fetter,afetterkl@earthlink.net,Male,9027687676
6896076100,Ingaborg,Rodnight,trodnightkm@amazon.co.jp,Female,608992267
410294543,Gardiner,Hammor,ehammorkn@usda.gov,Male,4206413290
4182066219,Conrade,Strachan,cstrachanko@opensource.org,Male,6066870386
4062791684,Oberon,Essel,gesselkp@guardian.co.uk,Male,1189270242
1246526255,Orel,Bloxsom,abloxsomkq@youku.com,Female,9199747456
4807722905,Iseabal,Janos,gjanoskr@stumbleupon.com,Female,8868246317
2303901596,Edee,Shills,ashillsks@netlog.com,Female,6732573152
685697894,Stanislas,Garlant,mgarlantkt@freewebs.com,Male,9466605585
7839705715,James,McFaell,tmcfaellku@posterous.com,Male,1437811485
5371867554,Webster,Shelbourne,mshelbournekv@wufoo.com,Male,9179730523
8442953833,Tyler,Tompkinson,dtompkinsonkw@sun.com,Male,1449711294
5127146908,Orran,Fabry,pfabrykx@admin.ch,Male,6296247125
3002274275,Alessandro,Grayston,hgraystonky@networkadvertising.org,Male,8860682959
687026474,Shem,Gilchrist,sgilchristkz@macromedia.com,Male,4458262467
877151377,Gerik,Runnacles,prunnaclesl0@bluehost.com,Male,7046889449
2197377027,Henrieta,Hadcroft,thadcroftl1@apple.com,Female,9981081264
448448424,Pippy,Bernadon,cbernadonl2@godaddy.com,Female,8141450190
635814412,Faina,Lightman,blightmanl3@reference.com,Female,908573170
8516533816,Calley,Janeczek,kjaneczekl4@yahoo.co.jp,Female,8025320839
3088378643,Lou,Urch,murchl5@cbc.ca,Male,1203856296
1547441267,Rourke,MacVay,fmacvayl6@wufoo.com,Male,7985063471
8127304530,Baxy,Kuhnt,kkuhntl7@behance.net,Male,5557348204
8772101474,Tilda,Garley,mgarleyl8@friendfeed.com,Female,2552304729
5134669481,Stace,Benoist,obenoistl9@opera.com,Female,6613012955
1018513469,Valma,Padilla,cpadillala@wsj.com,Female,3492982166
3720085449,Aurelia,McAster,bmcasterlb@foxnews.com,Female,9178835712
9081450522,Allard,Sandlin,bsandlinlc@who.int,Male,4056735077
3194094335,Cesare,Paulsen,opaulsenld@list-manage.com,Male,5470489930
1398920738,Butch,Bultitude,mbultitudele@360.cn,Male,3526497729
66198399,Willie,Simonyi,msimonyilf@oakley.com,Female,2429430312
2598668677,Morissa,Meddings,tmeddingslg@psu.edu,Female,9778305013
5817707667,Temp,Boote,kbootelh@behance.net,Male,3064564528
1053791712,Siegfried,Schuster,cschusterli@java.com,Male,8739920127
7866755841,Hayes,Perillio,cperilliolj@bloomberg.com,Male,6918116010
2367543437,Lennard,Commin,lcomminlk@digg.com,Male,5790497950
3684129682,Martica,Finney,vfinneyll@ihg.com,Female,4409496751
2749672449,Georgianne,Trickett,vtrickettlm@nasa.gov,Female,6383144995
7812495132,Mandie,Emlyn,lemlynln@loc.gov,Female,9842428230
2553598459,Nikolia,Cannings,dcanningslo@ihg.com,Female,3590798955
4221573686,Doloritas,Clarke,bclarkelp@harvard.edu,Female,5482861813
2229696955,Bondon,Human,nhumanlq@hatena.ne.jp,Male,3447714026
5154251121,Alanson,Santhouse,rsanthouselr@desdev.cn,Male,2107369704
8728558316,Kimbra,Amber,camberls@foxnews.com,Female,4610064634
2214103333,Bud,Chezelle,wchezellelt@paypal.com,Male,3851324943
866271805,Imelda,Costall,acostalllu@theatlantic.com,Female,9901419131
9862970936,Ameline,Cerith,dcerithlv@reddit.com,Female,5315435164
5418699741,Andriana,Penlington,fpenlingtonlw@t-online.de,Female,35175907
7787066865,Vilma,Higounet,ahigounetlx@craigslist.org,Female,8257983268
3497734594,Goldina,Shea,nshealy@si.edu,Female,6962396600
8085100304,Lamond,Barkhouse,bbarkhouselz@usnews.com,Male,1722031468
8029479514,Celia,Farmloe,pfarmloem0@theatlantic.com,Female,6019556212
9498847983,Merrili,Tellenbach,dtellenbachm1@paginegialle.it,Female,4089949149
6552571747,Lolita,Haacker,rhaackerm2@altervista.org,Female,4092276044
3150533937,Sunny,Eyes,leyesm3@wikipedia.org,Male,6838793059
8894751120,Georgie,Lambard,tlambardm4@google.fr,Male,9505272448
5620233006,Warren,Tatlow,gtatlowm5@flavors.me,Male,7735650671
9832075327,Cortie,Idale,bidalem6@bing.com,Male,8067807205
266722016,Marilin,Volkers,wvolkersm7@yale.edu,Female,3334266672
2960354494,Diana,MacUchadair,gmacuchadairm8@baidu.com,Female,2188436741
121433242,Kearney,Massen,gmassenm9@nsw.gov.au,Male,8686062040
1715725166,Molly,Finney,wfinneyma@plala.or.jp,Female,8504200981
5181286232,Lindon,Meharry,rmeharrymb@geocities.jp,Male,3338767382
6622210640,Norrie,Wyne,kwynemc@nasa.gov,Female,2331717397
7234977929,Melantha,Wiggam,iwiggammd@salon.com,Female,8754407958
1214091822,Cirstoforo,Allman,callmanme@artisteer.com,Male,7590268550
3807790446,Mady,Lamey,olameymf@xrea.com,Female,6126038282
6008539532,Valle,Coon,gcoonmg@tuttocitta.it,Male,5025525098
5895785441,Jada,L'Amie,tlamiemh@skyrock.com,Female,1882776291
7357972364,Angela,Luffman,hluffmanmi@merriam-webster.com,Female,9379962266
8091938160,Catherin,Sims,asimsmj@msu.edu,Female,935879676
3908998204,Dulce,Mandrake,cmandrakemk@amazon.co.jp,Female,4745700474
7276588289,Stillmann,Matherson,mmathersonml@dion.ne.jp,Male,8353262649
8762370928,Juliet,Blayd,fblaydmm@sogou.com,Female,4797539801
8061123681,Maryanne,Grebert,dgrebertmn@creativecommons.org,Female,4966929954
7417246869,Rudd,McGannon,amcgannonmo@google.de,Male,7703415472
9279596799,Buckie,Mattiazzo,emattiazzomp@thetimes.co.uk,Male,1405537485
6749678521,Alfredo,Picknett,lpicknettmq@livejournal.com,Male,8856959771
4910297294,Dosi,Organer,dorganermr@addthis.com,Female,4331526674
2476467154,Elbert,de Villier,sdevillierms@disqus.com,Male,1103417444
2744637793,Wynny,Wilmot,cwilmotmt@dedecms.com,Female,3131893427
2743395974,Kyla,Galley,vgalleymu@nature.com,Female,6043115204
374486565,Garfield,Baldelli,tbaldellimv@cnet.com,Male,5798496376
8259816652,Sadye,Raise,hraisemw@ehow.com,Female,7757655927
8321351921,Kingsley,Copcote,gcopcotemx@barnesandnoble.com,Male,6259718691
7039748665,Keefer,Barfitt,lbarfittmy@reddit.com,Male,7226430606
6086493731,Marcile,Lyfe,dlyfemz@slideshare.net,Female,1306916941
4090309190,Aleen,Grimbaldeston,dgrimbaldestonn0@usnews.com,Female,4161466536
1938757270,Myer,Longshaw,plongshawn1@bizjournals.com,Male,1947646117
3463362457,Zebadiah,Cathrae,ecathraen2@miibeian.gov.cn,Male,8812848664
3168045667,Cecil,Rival,jrivaln3@bloomberg.com,Male,2326956982
6895112774,Pepillo,Lemon,glemonn4@newyorker.com,Male,7556869962
7132556495,Adriano,Kleinhaut,rkleinhautn5@php.net,Male,1600827543
2620968739,Blinni,Faraker,tfarakern6@prlog.org,Female,7675699041
9702227755,Porty,Cartan,pcartann7@imdb.com,Male,4429431108
8702761327,Christal,Getsham,ggetshamn8@illinois.edu,Female,8710079017
7734042848,Welsh,Ciabatteri,pciabatterin9@cargocollective.com,Male,8842660671
6786364632,Lory,Beckworth,rbeckworthna@bbb.org,Female,8610426009
6706450537,Matthaeus,Briscam,nbriscamnb@free.fr,Male,176111069
8988689941,Sawyer,Vigus,dvigusnc@imdb.com,Male,7288195899
5541421578,Lorin,Trodler,rtrodlernd@nps.gov,Male,3768963519
4016203775,Adelbert,Chidgey,gchidgeyne@geocities.com,Male,4982766975
4263363264,Sophronia,Mastrantone,jmastrantonenf@mayoclinic.com,Female,4365840096
3186277868,Craggie,Kubatsch,dkubatschng@dailymotion.com,Male,1863035583
6991309877,Fax,Bigmore,gbigmorenh@google.de,Male,574670777
2264533269,Lissy,Alsop,salsopni@icq.com,Female,3710864178
1191673863,Jordanna,Lough,rloughnj@themeforest.net,Female,4597668381
6308792004,Anson,Mallen,lmallennk@yahoo.co.jp,Male,3320555170
7833246948,Ellwood,Radbourne,gradbournenl@360.cn,Male,6004939374
3314125887,Mike,Learned,wlearnednm@wisc.edu,Male,1993548491
1954599463,Giselbert,Devons,kdevonsnn@taobao.com,Male,5687023941
1516201930,Siffre,Krolik,hkrolikno@yahoo.co.jp,Male,6047486622
5688050829,Ced,Allabarton,wallabartonnp@discovery.com,Male,2421002001
6621649762,Faunie,Turgoose,fturgoosenq@harvard.edu,Female,7142896809
7058027722,Simona,Mullard,lmullardnr@jigsy.com,Female,3902938374
6372069830,Nadine,Dearlove,adearlovens@cornell.edu,Female,1631916920
8908806792,Salem,Haughin,ohaughinnt@psu.edu,Male,7325172656
7157512564,Delmer,Alliberton,wallibertonnu@zimbio.com,Male,1039214924
7469649190,Ann,Huddart,ahuddartnv@about.me,Female,5908556416
9633754321,Stavro,Antonietti,mantoniettinw@blog.com,Male,9869807615
1899291563,Blinny,Trimbey,gtrimbeynx@chronoengine.com,Female,4762550760
4640241704,Torrie,Stell,dstellny@ocn.ne.jp,Female,979505739
5899790830,Vyky,Heymes,mheymesnz@hibu.com,Female,8130726629
635107457,Eb,Vodden,rvoddeno0@hostgator.com,Male,9771803166
7518394324,Jobey,Perche,tpercheo1@myspace.com,Female,4828460543
3634783222,Jackqueline,Harrow,wharrowo2@globo.com,Female,4840975957
5398842846,Maisie,Wikey,bwikeyo3@pcworld.com,Female,2953331468
9852363859,Valida,Dillway,kdillwayo4@ca.gov,Female,3419797621
7730656183,Lutero,Jillins,djillinso5@google.com.br,Male,2858785929
283266619,Erastus,Gelland,agellando6@sourceforge.net,Male,4118090325
2216706752,Fairleigh,Bulstrode,gbulstrodeo7@china.com.cn,Male,4730862317
602343070,Genia,Cundey,mcundeyo8@shutterfly.com,Female,1127464507
5478116351,Micah,Renvoise,crenvoiseo9@bbb.org,Male,7555056259
7093877699,Anica,Santo,csantooa@tinyurl.com,Female,8973424092
127420711,Teressa,Van Hesteren,hvanhesterenob@guardian.co.uk,Female,2957414899
910848610,Leann,Mitchard,fmitchardoc@biblegateway.com,Female,9453206377
8573671394,Theo,Karlqvist,mkarlqvistod@furl.net,Female,7116140735
4384582889,Bent,Avesque,havesqueoe@usnews.com,Male,5009118262
2491387042,Olivero,Elliker,jellikerof@scientificamerican.com,Male,2056628538
3242712498,Amerigo,Thon,rthonog@stanford.edu,Male,86380850
5923969998,Ermin,Betonia,kbetoniaoh@disqus.com,Male,770606482
2249746710,Georas,Gianetti,tgianettioi@dedecms.com,Male,6809036970
563700378,Vernice,Shrubshall,mshrubshalloj@stumbleupon.com,Female,6081197751
8450669367,Marilin,Bleazard,lbleazardok@geocities.jp,Female,7562873631
521329825,Billi,Pentlow,cpentlowol@hostgator.com,Female,898494001
7523211127,Emmanuel,Spurden,jspurdenom@delicious.com,Male,6680645891
641450214,Candace,Dell 'Orto,edellortoon@tumblr.com,Female,6462621842
230038891,Marc,Beinke,ybeinkeoo@homestead.com,Male,8922615044
9483529204,Jacintha,Lashford,dlashfordop@themeforest.net,Female,3342455853
4384384564,Bryna,Pearcehouse,apearcehouseoq@ycombinator.com,Female,6866661854
3149209250,Benny,Lister,rlisteror@apache.org,Male,5181792596
7248530867,Delmar,Bockler,hbockleros@xrea.com,Male,1706551444
2151075478,Theadora,O'Gavin,eogavinot@rambler.ru,Female,247087238
8870411273,Gwynne,Strutz,rstrutzou@livejournal.com,Female,7956760348
3484821876,Paige,Arpur,marpurov@aboutads.info,Male,9557695250
3342402725,Dehlia,Bedding,ybeddingow@ed.gov,Female,2410661920
2961543460,Ira,Bearman,tbearmanox@usatoday.com,Male,5814687894
3179507012,Jilleen,Handover,whandoveroy@wordpress.org,Female,6603620758
9925249090,Barney,Roulston,eroulstonoz@webeden.co.uk,Male,4323234309
3576780866,Waneta,Jarmyn,ajarmynp0@imgur.com,Female,9794433810
2648372393,Vivyanne,Cockarill,ccockarillp1@goo.gl,Female,9415057009
3833241926,Dynah,Henniger,yhennigerp2@trellian.com,Female,6725753205
5245442752,Gayleen,Akett,cakettp3@printfriendly.com,Female,2874236349
993642969,Florella,Glasheen,hglasheenp4@archive.org,Female,15476294
5737366413,Buffy,Freebury,lfreeburyp5@bloglines.com,Female,3155853557
6715133352,Naomi,Ciccetti,jciccettip6@aol.com,Female,3250659185
6338683661,Morey,Langelaan,jlangelaanp7@geocities.jp,Male,8193224345
2873414308,Delphine,Crumpton,ncrumptonp8@skype.com,Female,504490125
3315655863,Brett,Gier,ogierp9@webnode.com,Male,3669894276
2584143127,Jennilee,Glaze,aglazepa@bandcamp.com,Female,6272241976
3940486493,Fair,Janodet,ijanodetpb@bandcamp.com,Male,8879432486
7117810130,Delmore,Silberschatz,csilberschatzpc@archive.org,Male,2921711176
4662811619,Nevil,Dell Casa,gdellcasapd@macromedia.com,Male,1131120094
8995063556,Valentine,McSporon,tmcsporonpe@tumblr.com,Male,8742991145
1143618254,Lila,Keller,gkellerpf@linkedin.com,Female,3210386161
5418923404,Patsy,Dowles,hdowlespg@booking.com,Male,2248007450
5693679853,Josias,Lower,dlowerph@tmall.com,Male,8671359778
459628097,Ricca,Groundwater,rgroundwaterpi@apache.org,Female,4188199695
6113764826,Charisse,McGinny,tmcginnypj@jigsy.com,Female,2416429744
4713148083,Jamey,Krates,nkratespk@example.com,Male,7639945208
7414744841,Prisca,Erasmus,herasmuspl@aboutads.info,Female,5097650956
5228254307,Casper,Kaveney,gkaveneypm@flavors.me,Male,5352357805
4449930312,Kassey,Disbrow,pdisbrowpn@sakura.ne.jp,Female,1143392523
2606977092,Kendell,Reddan,creddanpo@apple.com,Male,2739114125
1822880807,Roderich,Ofield,cofieldpp@i2i.jp,Male,5618409054
1375913557,Dody,Channon,achannonpq@irs.gov,Female,6315879985
9677938460,Berte,Nunes Nabarro,inunesnabarropr@sciencedirect.com,Female,6481003350
3512675158,Josephine,Joint,mjointps@dropbox.com,Female,7101021174
5781896031,Zeb,Pitcaithly,dpitcaithlypt@topsy.com,Male,8389918889
2415257885,Lexine,Strudwick,hstrudwickpu@dropbox.com,Female,6807217900
708650848,Kermie,Cranshaw,kcranshawpv@ihg.com,Male,3912838631
5817436485,Fidela,Usmar,rusmarpw@vinaora.com,Female,8801182686
9798593294,Miguela,Reyne,sreynepx@cnbc.com,Female,5485287360
2646698119,Nobie,Crocetto,mcrocettopy@networkadvertising.org,Male,6580335297
8447553531,Jaye,Isted,mistedpz@digg.com,Male,3308457415
8267671005,Mommy,Drysdell,sdrysdellq0@engadget.com,Female,5968881313
9054422769,Chester,Havenhand,bhavenhandq1@foxnews.com,Male,2938119658
755368436,Claus,Vallintine,hvallintineq2@mayoclinic.com,Male,7760448813
1403384819,Joel,Audry,waudryq3@whitehouse.gov,Male,4142644106
66114446,Camellia,Tesseyman,ttesseymanq4@jugem.jp,Female,3172972070
881333379,Lenna,Orth,aorthq5@nature.com,Female,2420524160
130185426,Uriel,Robbeke,jrobbekeq6@joomla.org,Male,8066471858
4705216547,Binni,Murrison,imurrisonq7@ifeng.com,Female,9791771812
1184435650,Paquito,Tomes,atomesq8@harvard.edu,Male,8249001753
5008821792,Selma,Blues,cbluesq9@walmart.com,Female,5813246800
4635637921,Hymie,Steet,dsteetqa@mac.com,Male,5784861107
5342168724,Bridgette,Feilden,ffeildenqb@nyu.edu,Female,1841958751
1128884496,Etan,Tocqueville,ttocquevilleqc@over-blog.com,Male,6315332277
8229091269,Kevin,Fullilove,dfulliloveqd@virginia.edu,Male,8557729413
3471542442,Yale,Rizzetti,hrizzettiqe@tmall.com,Male,2615231243
8831155806,William,Trowsdale,etrowsdaleqf@bravesites.com,Male,4201427757
4025514354,Zeke,MacAleese,tmacaleeseqg@hibu.com,Male,3640665430
3309108422,Yevette,Smidmor,wsmidmorqh@psu.edu,Female,1930931093
403247713,Judye,Pikett,cpikettqi@jigsy.com,Female,3606060092
6980280627,Fredric,Wasmuth,dwasmuthqj@bloglines.com,Male,615287190
8699317964,Kareem,Sollner,csollnerqk@baidu.com,Male,9112986119
8862441754,Pepito,Legen,elegenql@businessinsider.com,Male,8523617353
684534932,Reagan,Roskelly,hroskellyqm@facebook.com,Male,9900252071
7877906269,Ambrosi,O'Kenny,sokennyqn@sciencedaily.com,Male,9200044476
2301363430,Klarrisa,Tooley,ttooleyqo@geocities.com,Female,1697736432
6037268606,Cathe,Pirdue,cpirdueqp@slideshare.net,Female,4321826470
5582697977,Parker,Olennikov,solennikovqq@desdev.cn,Male,448422735
8894876063,Nessi,Fickling,rficklingqr@engadget.com,Female,4410439642
4815092893,Torie,Cannell,ecannellqs@yale.edu,Female,9711853620
1748664468,Virgie,Golborn,jgolbornqt@boston.com,Male,6822614168
4959738391,Angy,Barnhill,ibarnhillqu@newsvine.com,Female,2967597171
3530221996,Tina,Foynes,cfoynesqv@mit.edu,Female,641680791
2584099969,Leroy,David,vdavidqw@cpanel.net,Male,8785374628
1292641959,Somerset,McGrayle,omcgrayleqx@bloglovin.com,Male,5708493259
6392508953,Claretta,Fudge,gfudgeqy@barnesandnoble.com,Female,917338251
3300767849,Stefa,Dickerson,mdickersonqz@moonfruit.com,Female,9193447191
8155979415,Zahara,Kibard,gkibardr0@oakley.com,Female,1979958505
7890687400,Jonis,Rome,lromer1@nba.com,Female,8495348179
1853383554,Phaidra,Bentham3,cbenthamr2@usa.gov,Female,2840372150
4961802891,Laure,Wodeland,swodelandr3@angelfire.com,Female,5109475067
4729942361,Laurena,Nijs,mnijsr4@freewebs.com,Female,2548217043
2490228854,Neda,Perrigo,vperrigor5@ask.com,Female,3133021559
7269794405,Fan,Shasnan,eshasnanr6@ehow.com,Female,5866665026
1362218308,Spencer,Nelmes,hnelmesr7@state.gov,Male,1364227428
1385998032,Berk,Ellcock,cellcockr8@ox.ac.uk,Male,2719913499
3937482555,Johannes,Sackler,asacklerr9@flavors.me,Male,6813299840
1776455088,Claudine,Cowup,rcowupra@berkeley.edu,Female,7728151584
214165159,Frants,Bockh,sbockhrb@google.com.hk,Male,5089315914
274511614,Bastien,Dawidowitz,cdawidowitzrc@wunderground.com,Male,7901336447
7335167299,Solly,Traylen,jtraylenrd@deviantart.com,Male,2726957927
2555428348,Faustina,McKague,jmckaguere@pcworld.com,Female,786173092
5866053004,Idell,Lanktree,tlanktreerf@sciencedirect.com,Female,4230878338
3344833952,Ferd,Spitaro,fspitarorg@whitehouse.gov,Male,3445081980
3583998510,Dud,Vicary,jvicaryrh@chron.com,Male,556928784
3391656042,Tabby,Pratton,lprattonri@cnbc.com,Female,7686601986
3018694651,Franni,Escala,rescalarj@lycos.com,Female,7871319671
5007258490,Hugo,Shalcros,wshalcrosrk@ning.com,Male,1414034180
1786904179,Tye,Haysom,chaysomrl@google.pl,Male,462912930
1921224347,Michaela,Creech,tcreechrm@wsj.com,Female,9660917732
1354649877,Menard,Lahrs,blahrsrn@buzzfeed.com,Male,2387706730
8796260629,Aleece,Calderwood,dcalderwoodro@so-net.ne.jp,Female,44069731
3085127003,Corly,Wolfindale,lwolfindalerp@rambler.ru,Female,7036541784
261829440,Kay,Derisley,rderisleyrq@webeden.co.uk,Female,2015115056
294059717,Elisabetta,Tarrier,mtarrierrr@newsvine.com,Female,1257474081